VendorID,tpep_pickup_datetime,tpep_dropoff_datetime,passenger_count,trip_distance,pickup_longitude,pickup_latitude,RatecodeID,store_and_fwd_flag,dropoff_longitude,dropoff_latitude,payment_type,fare_amount,extra,mta_tax,tip_amount,tolls_amount,improvement_surcharge,total_amount,PULocationID,DOLocationID
1,2016-01-01 07:09:29,2016-01-01 08:19:07,4,61.5,-73.7818374633789,40.6446533203125,5,N,-74.5382308959961,40.37945938110352,1,240.0,0.0,0.0,33.2,26.5,0.3,300.0,,
2,2016-01-01 07:17:45,2016-01-01 08:18:14,3,27.13,-73.7768325805664,40.64516830444336,2,N,-73.93607330322266,40.840911865234375,2,52.0,0.0,0.5,0.0,5.54,0.3,58.34,,
1,2016-01-01 07:41:45,2016-01-01 08:15:40,1,20.7,-73.95501708984375,40.76462173461913,1,N,-73.8145751953125,40.930084228515625,1,57.5,0.0,0.5,14.55,0.0,0.3,72.85,,
2,2016-01-01 07:42:41,2016-01-01 08:16:47,2,9.57,-73.99662780761719,40.76323699951172,1,N,-73.96073150634766,40.64780044555664,2,32.5,0.0,0.5,0.0,0.0,0.3,33.3,,
1,2016-01-01 07:43:23,2016-01-01 08:18:27,1,8.6,-73.99402618408203,40.76411056518555,1,N,-73.94647216796875,40.7114372253418,2,29.5,0.0,0.5,0.0,0.0,0.3,30.3,,
2,2016-01-01 07:43:36,2016-01-01 08:18:00,1,18.83,-73.99517059326173,40.74987030029297,2,N,-73.78965759277344,40.64701843261719,1,52.0,0.0,0.5,10.56,0.0,0.3,63.36,,
2,2016-01-01 07:44:07,2016-01-01 08:16:50,1,15.35,-74.01730346679686,40.64183044433594,1,N,-73.91615295410156,40.77532577514648,1,45.0,0.0,0.5,9.16,0.0,0.3,54.96,,
2,2016-01-01 07:44:50,2016-01-01 08:16:39,1,11.93,-73.9941864013672,40.72856521606445,1,N,-73.90440368652342,40.72401428222656,1,37.0,0.0,0.5,7.56,0.0,0.3,45.36,,
2,2016-01-01 07:44:54,2016-01-01 08:16:18,1,13.09,-73.96837615966798,40.79119110107422,1,N,-73.85868072509766,40.8650016784668,2,39.5,0.0,0.5,0.0,0.0,0.3,40.3,,
2,2016-01-01 07:45:13,2016-01-01 08:18:10,1,12.07,-73.99838256835938,40.74066162109375,1,N,-73.93122863769531,40.85483169555664,2,37.5,0.0,0.5,0.0,0.0,0.3,38.3,,
2,2016-01-01 07:45:15,2016-01-01 08:19:00,1,13.79,-73.77677917480467,40.645591735839844,1,N,-73.99171447753906,40.689552307128906,2,40.0,0.0,0.5,0.0,0.0,0.3,40.8,,
2,2016-01-01 07:45:45,2016-01-01 08:16:46,6,8.21,-73.95153045654298,40.77519989013672,1,N,-73.9506607055664,40.77490997314453,2,29.5,0.0,0.5,0.0,0.0,0.3,30.3,,
2,2016-01-01 07:46:35,2016-01-01 08:15:12,1,9.17,-73.9916763305664,40.74452590942383,1,N,-73.86525726318358,40.76117706298828,2,30.0,0.0,0.5,0.0,0.0,0.3,30.8,,
2,2016-01-01 07:46:36,2016-01-01 08:16:07,1,17.64,-73.98143005371094,40.74945831298828,1,N,-73.89408874511719,40.86616134643555,2,49.0,0.0,0.5,0.0,0.0,0.3,49.8,,
1,2016-01-01 07:47:13,2016-01-01 08:15:06,3,18.2,-73.97273254394531,40.76460266113281,3,N,-74.17733764648438,40.69509506225585,2,67.5,0.0,0.0,0.0,17.0,0.3,84.8,,
2,2016-01-01 07:47:38,2016-01-01 08:15:59,1,17.72,-73.9931411743164,40.73577117919922,2,N,-73.77639007568358,40.64604949951172,2,52.0,0.0,0.5,0.0,5.54,0.3,58.34,,
2,2016-01-01 07:47:44,2016-01-01 08:15:33,6,12.55,-73.87301635742188,40.77406311035156,1,N,-73.93165588378906,40.66714859008789,2,37.5,0.0,0.5,0.0,0.0,0.3,38.3,,
2,2016-01-01 07:47:59,2016-01-01 08:15:57,1,18.08,-73.78202056884766,40.64472579956055,2,N,-73.98929595947266,40.757606506347656,2,52.0,0.0,0.5,0.0,5.54,0.3,58.34,,
2,2016-01-01 07:48:18,2016-01-01 08:16:20,2,17.45,-73.9909896850586,40.74539184570313,2,N,-73.7766876220703,40.64487075805664,1,52.0,0.0,0.5,20.0,5.54,0.3,78.34,,
1,2016-01-01 07:49:10,2016-01-01 08:19:16,1,14.7,-73.95983123779298,40.7735481262207,1,N,-73.94483947753906,40.631832122802734,1,43.0,0.0,0.5,8.75,0.0,0.3,52.55,,
2,2016-01-01 07:49:15,2016-01-01 08:16:15,1,14.13,-73.98258209228516,40.75072479248047,1,N,-73.89781951904298,40.9014778137207,2,39.5,0.0,0.5,0.0,0.0,0.3,40.3,,
2,2016-01-01 07:49:31,2016-01-01 08:19:17,1,16.7,-73.9846954345703,40.74771499633789,2,N,-73.7830352783203,40.64388275146485,2,52.0,0.0,0.5,0.0,5.54,0.3,58.34,,
2,2016-01-01 07:49:54,2016-01-01 08:18:12,5,17.87,-73.98947143554686,40.75899124145508,2,N,-73.78206634521484,40.64433670043945,1,52.0,0.0,0.5,6.0,5.54,0.3,64.34,,
1,2016-01-01 07:50:07,2016-01-01 08:19:57,4,18.0,-73.78947448730467,40.64360046386719,2,N,-73.99015045166014,40.7563362121582,2,52.0,0.0,0.5,0.0,5.54,0.3,58.34,,
1,2016-01-01 07:50:08,2016-01-01 08:16:14,2,11.1,-74.0024185180664,40.7089729309082,1,N,-73.98351287841797,40.5936393737793,2,33.0,0.0,0.5,0.0,0.0,0.3,33.8,,
1,2016-01-01 07:50:23,2016-01-01 08:18:54,1,18.6,-74.0045394897461,40.730262756347656,1,N,-73.84315490722656,40.85843276977539,2,51.0,0.0,0.5,0.0,0.0,0.3,51.8,,
2,2016-01-01 07:50:28,2016-01-01 08:17:12,2,16.72,-73.93580627441406,40.80199813842773,1,N,-73.80140686035155,40.6722412109375,2,46.5,0.0,0.5,0.0,5.54,0.3,52.84,,
1,2016-01-01 07:51:18,2016-01-01 08:15:15,2,16.2,-73.79008483886719,40.64694213867188,2,N,-73.98529815673827,40.74801635742188,1,52.0,0.0,0.5,11.65,5.54,0.3,69.99,,
2,2016-01-01 07:51:34,2016-01-01 08:16:56,5,6.32,-74.00110626220702,40.72900772094727,1,N,-73.96389770507811,40.651180267333984,2,23.0,0.0,0.5,0.0,0.0,0.3,23.8,,
1,2016-01-01 07:51:36,2016-01-01 08:18:28,3,16.8,-73.98566436767578,40.75320434570313,2,N,-73.78997802734375,40.6469955444336,2,52.0,0.0,0.5,0.0,5.54,0.3,58.34,,
2,2016-01-01 07:52:51,2016-01-01 08:19:18,1,18.3,-73.78981018066406,40.643890380859375,2,N,-73.94283294677734,40.78903198242188,2,52.0,0.0,0.5,0.0,5.54,0.3,58.34,,
1,2016-01-01 07:53:09,2016-01-01 08:16:19,2,9.1,-73.97593688964845,40.78837966918945,1,N,-73.8741226196289,40.77145004272461,2,28.5,0.0,0.5,0.0,5.54,0.3,34.84,,
1,2016-01-01 07:53:17,2016-01-01 08:18:29,1,16.4,-73.98138427734375,40.74229431152344,2,N,-73.78353118896483,40.64369201660156,1,52.0,0.0,0.5,11.65,5.54,0.3,69.99,,
1,2016-01-01 07:53:50,2016-01-01 08:17:16,2,5.5,-73.95882415771484,40.71349716186523,1,N,-73.88459014892578,40.678070068359375,2,20.5,0.0,0.5,0.0,0.0,0.3,21.3,,
1,2016-01-01 07:54:10,2016-01-01 08:15:50,1,9.1,-73.88121795654298,40.75590896606445,1,N,-73.8404312133789,40.687007904052734,2,28.0,0.0,0.5,0.0,0.0,0.3,28.8,,
2,2016-01-01 07:54:32,2016-01-01 08:18:17,6,7.46,-73.98883056640625,40.75593185424805,1,N,-74.00756072998048,40.67775344848633,2,24.0,0.0,0.5,0.0,0.0,0.3,24.8,,
2,2016-01-01 07:54:37,2016-01-01 08:15:43,1,5.11,-74.00655364990234,40.71656799316406,1,N,-73.94420623779298,40.68453979492188,1,19.5,0.0,0.5,1.0,0.0,0.3,21.3,,
1,2016-01-01 07:54:42,2016-01-01 08:18:03,2,7.6,-73.99756622314453,40.763858795166016,1,N,-73.9283905029297,40.708404541015625,1,25.5,0.0,0.5,7.95,5.54,0.3,39.79,,
2,2016-01-01 07:54:44,2016-01-01 08:17:51,2,4.84,-73.90216064453125,40.70526885986328,1,N,-73.92082977294923,40.66707992553711,2,19.0,0.0,0.5,0.0,0.0,0.3,19.8,,
1,2016-01-01 07:54:44,2016-01-01 08:16:03,1,4.7,0.0,0.0,1,N,0.0,0.0,2,18.5,0.0,0.5,0.0,0.0,0.3,19.3,,
2,2016-01-01 07:54:51,2016-01-01 08:16:57,1,7.25,-73.9292984008789,40.708229064941406,1,N,-73.9552001953125,40.779460906982415,1,23.5,0.0,0.5,3.0,0.0,0.3,27.3,,
1,2016-01-01 07:54:55,2016-01-01 08:16:43,2,11.9,-73.99263000488281,40.763633728027344,1,N,-73.86206817626955,40.76863479614258,2,34.0,0.0,0.5,0.0,5.54,0.3,40.34,,
1,2016-01-01 07:55:07,2016-01-01 08:16:23,2,13.1,-73.9984130859375,40.76164627075195,1,N,-73.86167907714845,40.815784454345696,1,36.5,0.0,0.5,0.0,0.0,0.3,37.3,,
1,2016-01-01 07:55:10,2016-01-01 08:15:54,1,6.7,-73.9180145263672,40.76550674438477,1,N,-73.97265625,40.79084396362305,1,23.0,0.0,0.5,4.75,0.0,0.3,28.55,,
2,2016-01-01 07:55:24,2016-01-01 08:18:04,1,5.82,-73.9961395263672,40.76653671264648,1,N,-73.98342895507811,40.71479415893555,1,20.0,0.0,0.5,1.0,0.0,0.3,21.8,,
1,2016-01-01 07:55:35,2016-01-01 08:15:02,3,13.4,-74.0177230834961,40.710121154785156,1,N,-73.87060546875,40.77390670776367,1,36.5,0.0,0.5,11.15,0.0,0.3,48.45,,
2,2016-01-01 07:55:38,2016-01-01 08:16:04,1,9.39,-73.97154998779298,40.67596435546875,1,N,-73.95379638671875,40.77063369750977,1,28.5,0.0,0.5,5.86,0.0,0.3,35.16,,
1,2016-01-01 07:55:49,2016-01-01 08:17:30,1,3.7,-73.98998260498048,40.74700927734375,1,N,-73.9891128540039,40.74782180786133,2,17.0,0.0,0.5,0.0,0.0,0.3,17.8,,
2,2016-01-01 07:55:58,2016-01-01 08:15:57,2,5.84,-73.9931411743164,40.71997833251953,1,N,-73.90191650390625,40.69933319091797,2,20.0,0.0,0.5,0.0,0.0,0.3,20.8,,
2,2016-01-01 07:56:24,2016-01-01 08:15:23,1,11.78,-73.95863342285155,40.71292114257813,1,N,-73.9229736328125,40.826751708984375,1,33.0,0.0,0.5,1.2,0.0,0.3,35.0,,
1,2016-01-01 07:56:25,2016-01-01 08:17:04,1,15.4,-73.95571899414062,40.7444725036621,1,N,-73.7764129638672,40.645503997802734,1,41.5,0.0,0.5,12.0,0.0,0.3,54.3,,
2,2016-01-01 07:56:27,2016-01-01 08:17:24,6,4.22,-73.98802185058595,40.718650817871094,1,N,-73.94699096679686,40.68359375,2,18.0,0.0,0.5,0.0,0.0,0.3,18.8,,
2,2016-01-01 07:56:32,2016-01-01 08:16:27,5,6.95,-73.87111663818358,40.77376174926758,1,N,-73.9065933227539,40.70140838623047,1,22.0,0.0,0.5,6.84,0.0,0.3,29.64,,
2,2016-01-01 07:56:40,2016-01-01 08:16:31,1,6.83,-74.00041961669923,40.72877883911133,1,N,-73.92021942138672,40.76816177368164,1,22.0,0.0,0.5,5.7,0.0,0.3,28.5,,
2,2016-01-01 07:56:47,2016-01-01 08:19:18,1,10.18,-73.98870086669923,40.74544143676758,1,N,-74.01216125488281,40.62953186035156,1,30.5,0.0,0.5,35.0,0.0,0.3,66.3,,
2,2016-01-01 07:56:47,2016-01-01 08:18:57,1,12.43,-73.98899078369139,40.755821228027344,1,N,-73.86470794677734,40.77031326293945,2,35.5,0.0,0.5,0.0,5.54,0.3,41.84,,
1,2016-01-01 07:57:01,2016-01-01 08:15:00,1,10.2,-73.86405181884766,40.76958465576172,1,N,-73.9950180053711,40.72077560424805,1,29.5,0.0,0.5,6.05,0.0,0.3,36.35,,
2,2016-01-01 07:57:09,2016-01-01 08:17:25,1,6.18,-73.96300506591797,40.67353057861328,1,N,-73.86320495605469,40.66957092285156,2,21.0,0.0,0.5,0.0,0.0,0.3,21.8,,
1,2016-01-01 07:57:13,2016-01-01 08:15:48,1,11.1,-73.97119903564453,40.756160736083984,1,N,-73.865234375,40.7706413269043,2,31.0,0.0,0.5,0.0,5.54,0.3,37.34,,
2,2016-01-01 07:58:07,2016-01-01 08:17:08,1,4.85,-73.98668670654298,40.72243118286133,1,N,-73.92803192138672,40.68955993652344,1,18.0,0.0,0.5,4.7,0.0,0.3,23.5,,
1,2016-01-01 07:58:26,2016-01-01 08:18:44,2,6.1,-73.99994659423827,40.728271484375,1,N,-73.95836639404298,40.65363693237305,2,21.0,0.0,0.5,0.0,0.0,0.3,21.8,,
2,2016-01-01 07:58:34,2016-01-01 08:15:33,1,4.52,-73.98899078369139,40.76095962524415,1,N,-74.01521301269531,40.70958709716797,2,16.0,0.0,0.5,0.0,0.0,0.3,16.8,,
1,2016-01-01 07:58:42,2016-01-01 08:16:25,2,12.3,-73.97989654541014,40.737586975097656,1,N,-73.86474609375,40.77024841308594,2,33.5,0.0,0.5,0.0,5.54,0.3,39.84,,
2,2016-01-01 07:58:48,2016-01-01 08:17:18,1,10.98,-73.97805786132812,40.76327896118164,1,N,-73.86187744140625,40.76845932006836,1,31.0,0.0,0.5,7.47,5.54,0.3,44.81,,
1,2016-01-01 07:59:09,2016-01-01 08:16:30,2,5.3,-73.98834228515625,40.76163101196289,1,N,-74.0166473388672,40.70475769042969,1,18.5,0.0,0.5,0.0,0.0,0.3,19.3,,
1,2016-01-01 07:59:29,2016-01-01 08:19:34,1,6.6,-73.97996520996094,40.74316787719727,1,N,-73.90621948242188,40.770523071289055,1,21.5,0.0,0.5,5.55,0.0,0.3,27.85,,
1,2016-01-01 07:59:36,2016-01-01 08:16:19,1,10.2,0.0,0.0,1,N,0.0,0.0,2,28.5,0.0,0.5,0.0,5.54,0.3,34.84,,
2,2016-01-01 07:59:38,2016-01-01 08:18:05,1,4.99,-73.97998809814453,40.72257995605469,1,N,-73.92860412597656,40.70833587646485,2,18.5,0.0,0.5,0.0,0.0,0.3,19.3,,
2,2016-01-01 07:59:45,2016-01-01 08:17:18,1,8.13,-73.93569946289062,40.69679641723633,1,N,-73.89253997802734,40.76598358154297,1,24.5,0.0,0.5,5.06,0.0,0.3,30.36,,
1,2016-01-01 07:59:48,2016-01-01 08:16:40,1,4.0,-73.9561538696289,40.71131134033203,1,N,-73.97959899902342,40.74362182617188,3,16.5,0.0,0.5,0.0,0.0,0.3,17.3,,
1,2016-01-01 08:00:03,2016-01-01 08:18:31,2,4.8,-74.0107421875,40.65100479125977,1,N,-73.94467163085938,40.67809677124024,1,17.5,0.0,0.5,1.0,0.0,0.3,19.3,,
1,2016-01-01 08:00:27,2016-01-01 08:17:28,1,4.7,-73.97119903564453,40.7635154724121,1,N,-73.98587036132812,40.71963882446289,3,17.5,0.0,0.5,0.0,0.0,0.3,18.3,,
2,2016-01-01 08:00:55,2016-01-01 08:15:52,1,5.86,-74.01010131835938,40.73326873779297,1,N,-73.9625701904297,40.79827117919922,1,19.0,0.0,0.5,5.94,0.0,0.3,25.74,,
1,2016-01-01 08:01:02,2016-01-01 08:19:03,2,4.7,-73.99864959716798,40.76349258422852,1,N,-74.014404296875,40.704490661621094,1,18.0,0.0,0.5,3.75,0.0,0.3,22.55,,
2,2016-01-01 08:01:04,2016-01-01 08:15:54,2,4.91,-73.99169921875,40.755619049072266,1,N,-73.92378997802734,40.740100860595696,2,16.5,0.0,0.5,0.0,0.0,0.3,17.3,,
1,2016-01-01 08:01:06,2016-01-01 08:15:16,1,9.2,-73.9874038696289,40.745941162109375,1,N,-73.8704833984375,40.77386474609375,1,26.0,0.0,0.5,6.46,5.54,0.3,38.8,,
1,2016-01-01 08:01:25,2016-01-01 08:18:10,1,4.4,-73.96296691894531,40.6978645324707,1,N,-73.92218780517578,40.70352554321289,1,16.0,0.0,0.5,2.0,0.0,0.3,18.8,,
1,2016-01-01 08:01:30,2016-01-01 08:19:38,3,5.3,-73.97982788085938,40.72252655029297,1,N,-73.9850082397461,40.78046417236328,2,18.5,0.0,0.5,0.0,0.0,0.3,19.3,,
2,2016-01-01 08:01:31,2016-01-01 08:17:03,6,7.58,-73.95955657958984,40.80147552490234,1,N,-73.87076568603516,40.77397918701172,1,23.0,0.0,0.5,5.0,5.54,0.3,34.34,,
1,2016-01-01 08:01:38,2016-01-01 08:15:33,1,3.5,-74.00127410888672,40.72923278808594,1,N,-73.96665954589844,40.76102828979492,1,14.0,0.0,0.5,2.95,0.0,0.3,17.75,,
1,2016-01-01 08:01:38,2016-01-01 08:18:03,1,8.7,-73.98379516601562,40.7652702331543,1,N,-73.93752288818358,40.84894943237305,2,26.0,0.0,0.5,0.0,0.0,0.3,26.8,,
1,2016-01-01 08:01:43,2016-01-01 08:18:25,1,3.8,-73.98590850830078,40.72262954711913,1,N,-73.94341278076173,40.69562911987305,1,15.0,0.0,0.5,3.15,0.0,0.3,18.95,,
2,2016-01-01 08:01:52,2016-01-01 08:15:38,1,4.33,-73.86255645751955,40.72998809814453,1,N,-73.838623046875,40.69349670410156,2,15.5,0.0,0.5,0.0,0.0,0.3,16.3,,
1,2016-01-01 08:01:53,2016-01-01 08:19:42,1,3.9,-73.98586273193358,40.726905822753906,1,N,-73.94947052001955,40.69761657714844,2,16.0,0.0,0.5,0.0,0.0,0.3,16.8,,
2,2016-01-01 08:01:55,2016-01-01 08:16:02,4,4.8,-73.93218994140625,40.851539611816406,1,N,-73.94178009033203,40.80176162719727,2,15.5,0.0,0.5,0.0,0.0,0.3,16.3,,
2,2016-01-01 08:02:09,2016-01-01 08:16:21,1,4.02,-73.9339370727539,40.71448135375977,1,N,-73.95899963378906,40.67829132080078,1,14.5,0.0,0.5,3.06,0.0,0.3,18.36,,
2,2016-01-01 08:02:10,2016-01-01 08:18:38,1,7.0,-73.87106323242188,40.77379608154297,1,N,-73.95217895507811,40.72434616088867,2,21.5,0.0,0.5,0.0,0.0,0.3,22.3,,
2,2016-01-01 08:02:13,2016-01-01 08:18:54,1,1.82,-73.93692016601562,40.760047912597656,1,N,-73.92194366455078,40.75508880615234,2,9.5,0.0,0.5,0.0,0.0,0.3,10.3,,
1,2016-01-01 08:02:14,2016-01-01 08:16:15,1,4.1,-73.94939422607422,40.77714538574219,1,N,-73.95587921142578,40.820533752441406,2,14.5,0.0,0.5,0.0,0.0,0.3,15.3,,
2,2016-01-01 08:02:19,2016-01-01 08:19:14,1,9.91,-73.77679443359375,40.64548873901367,1,N,-73.90469360351562,40.629638671875,2,28.0,0.0,0.5,0.0,0.0,0.3,28.8,,
2,2016-01-01 08:02:23,2016-01-01 08:16:05,1,7.63,-73.97792053222656,40.73357009887695,1,N,-73.90879821777344,40.81122589111328,1,22.5,0.0,0.5,5.82,0.0,0.3,29.12,,
1,2016-01-01 08:02:25,2016-01-01 08:17:31,1,5.5,-73.99710845947266,40.76606750488281,1,Y,-73.92577362060547,40.76890563964844,1,18.0,0.0,0.5,0.0,0.0,0.3,18.8,,
2,2016-01-01 08:02:25,2016-01-01 08:19:54,1,4.49,-74.00822448730467,40.73800659179688,1,N,-73.95423889160156,40.76416778564453,1,16.5,0.0,0.5,3.46,0.0,0.3,20.76,,
2,2016-01-01 08:02:26,2016-01-01 08:17:56,1,6.96,-74.0042953491211,40.74226379394531,1,N,-73.92672729492188,40.77402877807617,1,20.5,0.0,0.5,4.26,0.0,0.3,25.56,,
1,2016-01-01 08:02:28,2016-01-01 08:17:53,1,8.4,-73.95775604248048,40.71774291992188,1,N,-73.96859741210938,40.64831924438477,1,25.0,0.0,0.5,5.15,0.0,0.3,30.95,,
2,2016-01-01 08:02:31,2016-01-01 08:16:20,2,2.87,-73.9482421875,40.71419143676758,1,N,-73.94224548339844,40.69240951538085,2,12.0,0.0,0.5,0.0,0.0,0.3,12.8,,
2,2016-01-01 08:02:33,2016-01-01 08:15:02,1,4.36,-73.86544036865234,40.77053833007813,1,N,-73.88024139404298,40.74259948730469,1,14.0,0.0,0.5,2.96,0.0,0.3,17.76,,
1,2016-01-01 08:02:36,2016-01-01 08:16:53,1,9.3,-73.9430389404297,40.82117080688477,1,N,-73.8588638305664,40.75977325439453,2,26.5,0.0,0.5,0.0,5.54,0.3,32.84,,
1,2016-01-01 08:02:38,2016-01-01 08:18:43,1,4.5,-73.98310852050781,40.76437759399415,1,N,-73.91435241699219,40.74578857421875,2,16.5,0.0,0.5,0.0,0.0,0.3,17.3,,
2,2016-01-01 08:02:42,2016-01-01 08:19:09,2,3.37,-73.9456787109375,40.82790756225585,1,N,-73.9325942993164,40.79486846923828,2,14.5,0.0,0.5,0.0,0.0,0.3,15.3,,
2,2016-01-01 08:02:46,2016-01-01 08:16:43,1,8.2,-73.87081909179686,40.773658752441406,1,N,-73.80786895751955,40.70112609863281,1,24.0,0.0,0.5,4.96,0.0,0.3,29.76,,
2,2016-01-01 08:02:49,2016-01-01 08:16:08,2,4.43,-74.00865936279298,40.714542388916016,1,N,-73.97148895263672,40.67218399047852,2,15.5,0.0,0.5,0.0,0.0,0.3,16.3,,
2,2016-01-01 08:03:01,2016-01-01 08:17:56,2,5.0,-73.98076629638672,40.742225646972656,1,N,-73.97171783447266,40.79714584350585,2,16.5,0.0,0.5,0.0,0.0,0.3,17.3,,
2,2016-01-01 08:03:06,2016-01-01 08:18:49,1,9.95,-73.98816680908203,40.72793960571289,1,N,-73.87281799316406,40.77449035644531,2,28.5,0.0,0.5,0.0,0.0,0.3,29.3,,
1,2016-01-01 08:03:26,2016-01-01 08:15:57,1,3.7,-73.94686126708984,40.70335388183594,1,N,-74.00205993652342,40.72813415527344,2,13.5,0.0,0.5,0.0,0.0,0.3,14.3,,
2,2016-01-01 08:03:33,2016-01-01 08:19:08,1,4.88,-73.97949981689453,40.78682327270508,1,N,-73.98124694824219,40.73410034179688,1,17.5,0.0,0.5,2.2,0.0,0.3,20.5,,
1,2016-01-01 08:03:38,2016-01-01 08:15:19,1,3.3,-73.9900131225586,40.76753616333008,1,N,-73.95246124267578,40.78136825561523,2,12.5,0.0,0.5,0.0,0.0,0.3,13.3,,
1,2016-01-01 08:03:43,2016-01-01 08:15:35,3,4.2,-73.99246978759766,40.757911682128906,1,N,-74.01679992675781,40.70470809936523,2,14.5,0.0,0.5,0.0,0.0,0.3,15.3,,
2,2016-01-01 08:03:46,2016-01-01 08:17:36,1,2.67,-73.98834228515625,40.73752975463867,1,N,-73.99514770507811,40.76280212402344,1,12.0,0.0,0.5,2.0,0.0,0.3,14.8,,
2,2016-01-01 08:03:54,2016-01-01 08:16:43,1,2.88,-73.9885025024414,40.7480354309082,1,N,-73.95742797851562,40.764320373535156,1,11.5,0.0,0.5,1.0,0.0,0.3,13.3,,
2,2016-01-01 08:04:02,2016-01-01 08:19:17,5,9.76,-73.97911834716798,40.74713897705078,1,N,-73.92498016357422,40.86165618896485,1,28.0,0.0,0.5,5.76,0.0,0.3,34.56,,
2,2016-01-01 08:04:04,2016-01-01 08:15:03,2,4.05,-73.97830200195312,40.744930267333984,1,N,-73.97930908203125,40.78874969482422,1,13.5,0.0,0.5,2.86,0.0,0.3,17.16,,
2,2016-01-01 08:04:13,2016-01-01 08:18:22,2,2.21,-73.98481750488281,40.72822189331055,1,N,-73.99138641357422,40.74977111816406,2,11.0,0.0,0.5,0.0,0.0,0.3,11.8,,
2,2016-01-01 08:04:16,2016-01-01 08:16:58,1,4.5,-73.99317932128906,40.722068786621094,1,N,-73.98403930664062,40.667259216308594,1,16.0,0.0,0.5,3.36,0.0,0.3,20.16,,
2,2016-01-01 08:04:17,2016-01-01 08:17:30,2,3.04,-73.9859390258789,40.72791290283203,1,N,-73.99769592285155,40.75654220581055,1,13.0,0.0,0.5,2.76,0.0,0.3,16.56,,
1,2016-01-01 08:04:23,2016-01-01 08:17:08,1,4.5,-73.9857406616211,40.76385116577149,1,N,-73.95032501220702,40.761138916015625,1,15.0,0.0,0.5,3.15,0.0,0.3,18.95,,
1,2016-01-01 08:04:25,2016-01-01 08:16:37,1,3.7,-73.95047760009766,40.78658676147461,1,N,-73.99014282226562,40.7562255859375,1,13.0,0.0,0.5,3.45,0.0,0.3,17.25,,
1,2016-01-01 08:04:35,2016-01-01 08:19:36,1,6.3,-73.9766616821289,40.77513122558594,1,N,-73.94249725341797,40.84187316894531,1,20.0,0.0,0.5,4.0,0.0,0.3,24.8,,
2,2016-01-01 08:04:36,2016-01-01 08:15:36,1,8.47,-73.94842529296875,40.781604766845696,1,N,-74.01524353027342,40.70870208740234,2,23.5,0.0,0.5,0.0,0.0,0.3,24.3,,
2,2016-01-01 08:04:38,2016-01-01 08:15:37,5,3.17,-73.96968841552734,40.75551986694336,1,N,-73.95154571533203,40.79041290283203,1,12.0,0.0,0.5,2.56,0.0,0.3,15.36,,
1,2016-01-01 08:04:44,2016-01-01 08:16:29,1,5.0,-73.98604583740234,40.72247695922852,1,N,-73.95036315917969,40.77597427368164,1,17.0,0.0,0.5,2.0,0.0,0.3,19.8,,
1,2016-01-01 08:04:48,2016-01-01 08:17:15,1,7.6,-73.948974609375,40.778568267822266,1,N,-73.87226867675781,40.77452087402344,1,22.0,0.0,0.5,5.65,5.54,0.3,33.99,,
2,2016-01-01 08:04:58,2016-01-01 08:16:07,1,3.57,-73.91199493408203,40.77527618408203,1,N,-73.86570739746094,40.76127624511719,2,13.0,0.0,0.5,0.0,0.0,0.3,13.8,,
1,2016-01-01 08:05:01,2016-01-01 08:17:43,1,6.1,-73.97872161865234,40.785316467285156,1,N,-73.94166564941406,40.850852966308594,2,18.5,0.0,0.5,0.0,0.0,0.3,19.3,,
1,2016-01-01 08:05:06,2016-01-01 08:19:50,1,3.0,-73.9488296508789,40.7724723815918,1,N,-73.98822784423827,40.76536560058594,1,13.0,0.0,0.5,2.0,0.0,0.3,15.8,,
1,2016-01-01 08:05:07,2016-01-01 08:17:26,1,3.1,-73.98884582519531,40.73170471191406,1,N,-73.99726104736328,40.76376724243164,1,12.5,0.0,0.5,1.5,0.0,0.3,14.8,,
2,2016-01-01 08:05:07,2016-01-01 08:16:21,1,4.94,-73.98173522949219,40.74052810668945,1,N,-73.91246795654298,40.74595642089844,1,15.5,0.0,0.5,4.08,0.0,0.3,20.38,,
2,2016-01-01 08:05:10,2016-01-01 08:19:55,5,6.29,-73.98582458496094,40.75696182250977,1,N,-74.00787353515625,40.703033447265625,2,19.5,0.0,0.5,0.0,0.0,0.3,20.3,,
2,2016-01-01 08:05:12,2016-01-01 08:15:09,5,4.32,-73.93154907226562,40.75203323364258,1,N,-73.9422149658203,40.79056167602539,2,13.5,0.0,0.5,0.0,0.0,0.3,14.3,,
2,2016-01-01 08:05:15,2016-01-01 08:16:59,2,3.41,-74.0022201538086,40.7195701599121,1,N,-73.975830078125,40.74912643432617,2,12.5,0.0,0.5,0.0,0.0,0.3,13.3,,
1,2016-01-01 08:05:21,2016-01-01 08:15:03,1,2.7,-73.97999572753906,40.681636810302734,1,N,-73.960693359375,40.648685455322266,2,11.0,0.0,0.5,0.0,0.0,0.3,11.8,,
1,2016-01-01 08:05:21,2016-01-01 08:17:51,1,7.7,-73.9461669921875,40.775474548339844,1,N,-73.87306213378906,40.77438735961913,1,22.5,0.0,0.5,5.0,5.54,0.3,33.84,,
2,2016-01-01 08:05:22,2016-01-01 08:15:42,1,1.92,-73.99008178710938,40.72898864746094,1,N,-73.99114990234375,40.74769592285156,2,9.5,0.0,0.5,0.0,0.0,0.3,10.3,,
1,2016-01-01 08:05:24,2016-01-01 08:19:20,1,6.5,-73.9837417602539,40.749061584472656,1,N,-73.888916015625,40.747161865234375,2,20.5,0.0,0.5,0.0,5.54,0.3,26.84,,
1,2016-01-01 08:05:26,2016-01-01 08:15:54,1,3.1,-73.99403381347656,40.76709365844727,1,N,-73.98892211914062,40.73699569702149,1,11.5,0.0,0.5,2.0,0.0,0.3,14.3,,
1,2016-01-01 08:05:31,2016-01-01 08:15:26,1,5.8,-73.97837829589844,40.745567321777344,1,N,-73.89057159423827,40.74630737304688,2,17.0,0.0,0.5,0.0,5.54,0.3,23.34,,
2,2016-01-01 08:05:32,2016-01-01 08:18:14,1,2.94,-73.95738983154298,40.77934265136719,1,N,-73.98481750488281,40.744873046875,1,12.0,0.0,0.5,2.56,0.0,0.3,15.36,,
2,2016-01-01 08:05:36,2016-01-01 08:17:33,1,3.62,-73.96785736083984,40.75925827026367,1,N,-73.97315979003906,40.79568862915039,1,13.0,0.0,0.5,2.76,0.0,0.3,16.56,,
1,2016-01-01 08:05:38,2016-01-01 08:16:30,2,3.6,-73.95682525634766,40.76686096191406,1,N,-73.93711853027344,40.80926132202149,1,12.5,0.0,0.5,0.0,0.0,0.3,13.3,,
1,2016-01-01 08:05:42,2016-01-01 08:17:46,2,2.8,-73.94853973388672,40.78228378295898,1,N,-73.98182678222656,40.76729583740234,1,12.0,0.0,0.5,2.55,0.0,0.3,15.35,,
1,2016-01-01 08:05:48,2016-01-01 08:17:32,2,2.9,-73.99309539794923,40.73103713989258,1,N,-73.9705352783203,40.76407241821289,1,12.0,0.0,0.5,3.2,0.0,0.3,16.0,,
1,2016-01-01 08:05:49,2016-01-01 08:15:30,1,3.0,-73.98056030273438,40.72170639038085,1,N,-73.95072937011719,40.70858383178711,2,11.5,0.0,0.5,0.0,0.0,0.3,12.3,,
2,2016-01-01 08:05:50,2016-01-01 08:18:42,1,3.5,-73.96351623535155,40.80273818969727,1,N,-73.9700469970703,40.76551055908203,2,13.5,0.0,0.5,0.0,0.0,0.3,14.3,,
1,2016-01-01 08:05:50,2016-01-01 08:18:34,1,2.3,-73.98843383789062,40.731544494628906,1,N,-73.99049377441406,40.75625228881836,2,11.0,0.0,0.5,0.0,0.0,0.3,11.8,,
1,2016-01-01 08:06:07,2016-01-01 08:19:13,1,3.5,-73.98668670654298,40.75181579589844,1,N,-73.98487854003906,40.71905899047852,2,13.0,0.0,0.5,0.0,0.0,0.3,13.8,,
2,2016-01-01 08:06:22,2016-01-01 08:17:16,1,2.04,-73.99580383300781,40.7663688659668,1,N,-73.969970703125,40.75068664550781,2,10.0,0.0,0.5,0.0,0.0,0.3,10.8,,
1,2016-01-01 08:06:27,2016-01-01 08:17:46,2,7.9,-73.94921875,40.77688217163085,1,N,-73.87052917480467,40.773826599121094,1,22.0,0.0,0.5,5.0,5.54,0.3,33.34,,
1,2016-01-01 08:06:27,2016-01-01 08:16:28,1,5.4,-73.96541595458984,40.79539489746094,1,N,-73.93865966796875,40.850410461425774,2,16.5,0.0,0.5,0.0,0.0,0.3,17.3,,
1,2016-01-01 08:06:36,2016-01-01 08:15:38,1,2.4,-73.98231506347656,40.769020080566406,1,N,-73.95135498046875,40.77172088623047,2,10.0,0.0,0.5,0.0,0.0,0.3,10.8,,
1,2016-01-01 08:06:37,2016-01-01 08:15:43,1,3.8,-73.98016357421875,40.762115478515625,1,N,-73.92526245117188,40.761966705322266,1,12.5,0.0,0.5,2.65,0.0,0.3,15.95,,
2,2016-01-01 08:06:41,2016-01-01 08:15:24,1,3.26,-73.96770477294923,40.759143829345696,1,N,-73.91581726074219,40.7560920715332,1,12.0,0.0,0.5,2.56,0.0,0.3,15.36,,
2,2016-01-01 08:06:41,2016-01-01 08:19:05,1,2.91,-73.97479248046875,40.79331970214844,1,N,-73.95584869384766,40.76622009277344,1,11.5,0.0,0.5,2.46,0.0,0.3,14.76,,
2,2016-01-01 08:06:44,2016-01-01 08:18:42,6,2.9,-73.95329284667969,40.76673126220703,1,N,-73.98996734619139,40.75593185424805,1,12.0,0.0,0.5,2.56,0.0,0.3,15.36,,
2,2016-01-01 08:06:45,2016-01-01 08:15:14,1,1.93,-73.90515899658203,40.69368362426758,1,N,-73.91769409179686,40.69850158691406,1,8.5,0.0,0.5,2.79,0.0,0.3,12.09,,
2,2016-01-01 08:06:49,2016-01-01 08:16:58,1,4.54,-73.95240783691406,40.71411895751953,1,N,-73.9872055053711,40.672359466552734,1,15.0,0.0,0.5,3.16,0.0,0.3,18.96,,
2,2016-01-01 08:06:55,2016-01-01 08:18:50,5,3.8,-73.98975372314453,40.74782943725585,1,N,-73.94801330566406,40.77859878540039,1,13.5,0.0,0.5,3.58,0.0,0.3,17.88,,
1,2016-01-01 08:06:55,2016-01-01 08:19:42,1,6.4,-73.94113922119139,40.79641723632813,1,N,-73.98206329345702,40.73131561279297,2,19.5,0.0,0.5,0.0,0.0,0.3,20.3,,
2,2016-01-01 08:07:00,2016-01-01 08:16:17,6,2.57,-73.9920196533203,40.72188186645508,1,N,-73.99449920654298,40.698143005371094,1,10.5,0.0,0.5,2.26,0.0,0.3,13.56,,
2,2016-01-01 08:07:03,2016-01-01 08:17:12,5,5.11,0.0,0.0,1,N,0.0,0.0,1,16.0,0.0,0.5,3.36,0.0,0.3,20.16,,
2,2016-01-01 08:07:06,2016-01-01 08:16:51,1,3.78,-73.9780044555664,40.778907775878906,1,N,-73.9766616821289,40.73934555053711,1,12.5,0.0,0.5,2.66,0.0,0.3,15.96,,
1,2016-01-01 08:07:08,2016-01-01 08:19:50,1,3.9,-73.98865509033203,40.731483459472656,1,N,-73.96322631835938,40.720436096191406,1,14.5,0.0,0.5,3.05,0.0,0.3,18.35,,
2,2016-01-01 08:07:10,2016-01-01 08:18:57,2,1.68,-73.99566650390625,40.725341796875,1,N,-73.98462677001955,40.73562240600585,1,9.5,0.0,0.5,2.06,0.0,0.3,12.36,,
2,2016-01-01 08:07:13,2016-01-01 08:16:02,1,2.92,-73.97988891601562,40.76187515258789,1,N,-74.00630950927734,40.73319625854492,2,10.5,0.0,0.5,0.0,0.0,0.3,11.3,,
2,2016-01-01 08:07:14,2016-01-01 08:17:10,1,4.05,-73.87003326416014,40.77347183227539,1,N,-73.93267822265625,40.76742935180664,1,13.5,0.0,0.5,2.86,0.0,0.3,17.16,,
2,2016-01-01 08:07:21,2016-01-01 08:15:52,1,2.32,0.0,0.0,1,N,0.0,0.0,2,9.5,0.0,0.5,0.0,0.0,0.3,10.3,,
2,2016-01-01 08:07:21,2016-01-01 08:19:27,1,2.51,-73.98651123046875,40.73043823242188,1,N,-73.98954010009766,40.757469177246094,1,11.5,0.0,0.5,1.5,0.0,0.3,13.8,,
1,2016-01-01 08:07:28,2016-01-01 08:17:01,3,2.3,-73.9521942138672,40.77824783325195,1,N,-73.98049163818358,40.77498245239258,1,9.5,0.0,0.5,2.05,0.0,0.3,12.35,,
2,2016-01-01 08:07:31,2016-01-01 08:16:51,1,2.73,-73.97251892089844,40.79384994506836,1,N,-73.93936920166014,40.805118560791016,1,10.5,0.0,0.5,2.26,0.0,0.3,13.56,,
2,2016-01-01 08:07:45,2016-01-01 08:16:36,3,2.02,-73.98873138427734,40.72160339355469,1,N,-73.97613525390625,40.744083404541016,1,9.0,0.0,0.5,2.45,0.0,0.3,12.25,,
2,2016-01-01 08:07:49,2016-01-01 08:19:05,1,2.84,-73.98189544677734,40.75771713256836,1,N,-73.97461700439453,40.79238510131836,2,11.5,0.0,0.5,0.0,0.0,0.3,12.3,,
1,2016-01-01 08:07:50,2016-01-01 08:15:19,1,1.6,-73.92183685302734,40.86750411987305,1,N,-73.93600463867188,40.84817123413085,1,8.0,0.0,0.5,1.0,0.0,0.3,9.8,,
1,2016-01-01 08:07:59,2016-01-01 08:15:14,1,1.4,-73.97478485107422,40.75746536254883,1,N,-73.98252868652342,40.76845169067383,2,7.5,0.0,0.5,0.0,0.0,0.3,8.3,,
2,2016-01-01 08:08:00,2016-01-01 08:18:03,3,2.51,-73.98212432861328,40.73183059692383,1,N,-73.9890899658203,40.75733184814453,1,10.5,0.0,0.5,2.26,0.0,0.3,13.56,,
2,2016-01-01 08:08:00,2016-01-01 08:16:00,2,4.39,-73.98104095458984,40.720550537109375,1,N,-73.95675659179686,40.77069091796875,2,13.5,0.0,0.5,0.0,0.0,0.3,14.3,,
2,2016-01-01 08:08:05,2016-01-01 08:18:37,1,2.2,-73.88519287109375,40.74758529663085,1,N,-73.92166137695312,40.7381706237793,2,10.0,0.0,0.5,0.0,0.0,0.3,10.8,,
2,2016-01-01 08:08:09,2016-01-01 08:18:21,1,3.34,0.0,0.0,1,N,0.0,0.0,2,12.0,0.0,0.5,0.0,0.0,0.3,12.8,,
2,2016-01-01 08:08:11,2016-01-01 08:17:39,1,3.43,-74.00907135009766,40.71775436401367,1,N,-73.97885131835938,40.75264739990234,1,11.5,0.0,0.5,2.0,0.0,0.3,14.3,,
1,2016-01-01 08:08:16,2016-01-01 08:16:45,1,1.4,-73.96235656738281,40.80506134033203,1,N,-73.9454345703125,40.79340744018555,1,8.0,0.0,0.5,0.0,0.0,0.3,8.8,,
1,2016-01-01 08:08:20,2016-01-01 08:15:09,1,2.9,-73.99844360351562,40.7349967956543,1,N,-73.96713256835938,40.75914764404297,1,10.0,0.0,0.5,2.15,0.0,0.3,12.95,,
2,2016-01-01 08:08:25,2016-01-01 08:15:43,1,2.37,-74.00850677490234,40.7336311340332,1,N,-73.98149108886719,40.767913818359375,2,9.0,0.0,0.5,0.0,0.0,0.3,9.8,,
1,2016-01-01 08:08:27,2016-01-01 08:18:13,1,2.0,-73.98081970214844,40.76501083374024,1,N,-73.97301483154298,40.7478904724121,1,9.5,0.0,0.5,2.05,0.0,0.3,12.35,,
1,2016-01-01 08:08:29,2016-01-01 08:19:46,3,3.9,-73.99588775634766,40.74418640136719,1,N,-73.986572265625,40.702880859375,1,13.5,0.0,0.5,2.85,0.0,0.3,17.15,,
2,2016-01-01 08:08:29,2016-01-01 08:15:52,2,1.12,-73.9683837890625,40.76160049438477,1,N,-73.95437622070312,40.763755798339844,1,7.0,0.0,0.5,0.0,0.0,0.3,7.8,,
1,2016-01-01 08:08:32,2016-01-01 08:17:12,1,2.6,-73.95834350585938,40.76116180419922,1,N,-73.99094390869139,40.75131607055664,1,10.0,0.0,0.5,1.0,0.0,0.3,11.8,,
1,2016-01-01 08:08:32,2016-01-01 08:18:43,1,2.1,-73.96160888671875,40.774574279785156,1,N,-73.98873138427734,40.76604843139648,1,10.0,0.0,0.5,2.15,0.0,0.3,12.95,,
2,2016-01-01 08:08:39,2016-01-01 08:16:58,1,2.2,-73.986572265625,40.72185897827149,1,N,-73.94947814941406,40.71408081054688,2,9.5,0.0,0.5,0.0,0.0,0.3,10.3,,
1,2016-01-01 08:08:40,2016-01-01 08:17:08,4,1.6,-73.97406005859375,40.75083541870117,1,N,-73.99405670166014,40.7502326965332,2,8.5,0.0,0.5,0.0,0.0,0.3,9.3,,
1,2016-01-01 08:08:41,2016-01-01 08:18:07,1,5.1,-73.93370819091797,40.802711486816406,1,N,-73.9220199584961,40.86023330688477,2,16.0,0.0,0.5,0.0,0.0,0.3,16.8,,
2,2016-01-01 08:08:42,2016-01-01 08:15:13,2,1.44,-73.95403289794923,40.76382827758789,1,N,-73.95314788818358,40.77861022949219,2,7.0,0.0,0.5,0.0,0.0,0.3,7.8,,
2,2016-01-01 08:08:46,2016-01-01 08:18:23,1,2.82,-73.99150085449219,40.74985122680664,1,N,-73.97870635986328,40.72016143798828,2,10.5,0.0,0.5,0.0,0.0,0.3,11.3,,
2,2016-01-01 08:08:57,2016-01-01 08:17:11,1,2.3,-73.98384857177734,40.694839477539055,1,N,-74.00753021240234,40.70513916015625,1,10.0,0.0,0.5,2.2,0.0,0.3,13.0,,
1,2016-01-01 08:08:57,2016-01-01 08:18:43,2,1.5,-73.9799270629883,40.72694396972656,1,N,-73.99525451660156,40.71736145019531,2,9.0,0.0,0.5,0.0,0.0,0.3,9.8,,
2,2016-01-01 08:08:57,2016-01-01 08:17:15,6,2.97,-73.98854064941406,40.77833938598633,1,N,-73.98491668701173,40.748008728027344,1,11.0,0.0,0.5,1.0,0.0,0.3,12.8,,
1,2016-01-01 08:08:57,2016-01-01 08:15:12,1,1.2,-74.0051498413086,40.72063446044922,1,N,-73.99664306640625,40.7155876159668,2,6.5,0.0,0.5,0.0,0.0,0.3,7.3,,
1,2016-01-01 08:09:03,2016-01-01 08:19:36,1,3.8,-73.96945953369139,40.79838180541992,1,N,-73.99496459960938,40.749900817871094,2,13.5,0.0,0.5,0.0,0.0,0.3,14.3,,
2,2016-01-01 08:09:05,2016-01-01 08:18:39,1,2.49,-73.9775390625,40.7867431640625,1,N,-73.96368408203125,40.76586151123047,2,10.5,0.0,0.5,0.0,0.0,0.3,11.3,,
2,2016-01-01 08:09:05,2016-01-01 08:17:45,1,1.71,-73.98920440673827,40.7420654296875,1,N,-73.97796630859375,40.726898193359375,2,8.0,0.0,0.5,0.0,0.0,0.3,8.8,,
2,2016-01-01 08:09:09,2016-01-01 08:19:10,1,2.52,-73.97160339355469,40.79629135131836,1,N,-73.93936920166014,40.805030822753906,2,10.0,0.0,0.5,0.0,0.0,0.3,10.8,,
1,2016-01-01 08:09:09,2016-01-01 08:17:54,1,2.1,-74.01654815673827,40.71160888671875,1,N,-73.99629211425781,40.722034454345696,2,9.0,0.0,0.5,0.0,0.0,0.3,9.8,,
2,2016-01-01 08:09:12,2016-01-01 08:16:38,2,1.88,-73.99076843261719,40.73065185546875,1,N,-73.97295379638672,40.74803924560547,1,8.5,0.0,0.5,1.0,0.0,0.3,10.3,,
2,2016-01-01 08:09:14,2016-01-01 08:18:21,1,2.63,-73.98738098144531,40.76620864868164,1,N,-73.96243286132812,40.77864837646485,1,10.0,0.0,0.5,2.16,0.0,0.3,12.96,,
2,2016-01-01 08:09:18,2016-01-01 08:15:37,1,1.0,-73.97855377197266,40.7409782409668,1,N,-73.98857116699219,40.7486686706543,1,6.0,0.0,0.5,1.36,0.0,0.3,8.16,,
2,2016-01-01 08:09:18,2016-01-01 08:16:53,2,1.69,-73.98099517822266,40.74161148071289,1,N,-73.9895248413086,40.75662612915039,2,8.0,0.0,0.5,0.0,0.0,0.3,8.8,,
2,2016-01-01 08:09:18,2016-01-01 08:19:48,1,5.44,-74.00691986083984,40.71358108520508,1,N,-73.9808120727539,40.75303649902344,1,17.0,0.0,0.5,2.0,0.0,0.3,19.8,,
2,2016-01-01 08:09:22,2016-01-01 08:17:52,1,1.66,-73.9597930908203,40.77360916137695,1,N,-73.98297119140625,40.78197860717773,2,8.0,0.0,0.5,0.0,0.0,0.3,8.8,,
2,2016-01-01 08:09:26,2016-01-01 08:15:31,1,2.37,-73.95645904541014,40.781028747558594,1,N,-73.97401428222656,40.752796173095696,1,8.5,0.0,0.5,2.32,0.0,0.3,11.62,,
1,2016-01-01 08:09:27,2016-01-01 08:15:05,1,1.0,-73.9505615234375,40.771095275878906,1,N,-73.96239471435547,40.76648712158203,2,6.0,0.0,0.5,0.0,0.0,0.3,6.8,,
2,2016-01-01 08:09:28,2016-01-01 08:18:44,1,3.49,-74.01522827148438,40.709976196289055,1,N,-73.99492645263672,40.74999237060547,1,12.0,0.0,0.5,3.84,0.0,0.3,16.64,,
2,2016-01-01 08:09:31,2016-01-01 08:16:17,1,1.7,-73.94500732421875,40.834148406982415,1,N,-73.95607757568358,40.81386947631836,2,8.0,0.0,0.5,0.0,0.0,0.3,8.8,,
2,2016-01-01 08:09:34,2016-01-01 08:18:55,1,2.1,-73.98406219482422,40.7469482421875,1,N,-73.98210906982422,40.77056884765625,1,9.5,0.0,0.5,2.06,0.0,0.3,12.36,,
1,2016-01-01 08:09:38,2016-01-01 08:16:00,1,1.6,-73.96404266357422,40.79272079467773,1,N,-73.94593048095702,40.79838562011719,2,7.5,0.0,0.5,0.0,0.0,0.3,8.3,,
2,2016-01-01 08:09:47,2016-01-01 08:19:59,1,3.26,-73.97727966308595,40.779701232910156,1,N,-73.977294921875,40.74717330932617,1,11.5,0.0,0.5,1.5,0.0,0.3,13.8,,
1,2016-01-01 08:09:56,2016-01-01 08:17:48,1,4.1,-73.94499969482422,40.83415603637695,1,N,-73.97319030761719,40.794193267822266,1,13.5,0.0,0.5,2.85,0.0,0.3,17.15,,
2,2016-01-01 08:09:57,2016-01-01 08:16:41,1,1.86,-73.99981689453125,40.74043655395508,1,N,-73.99339294433594,40.72168350219727,2,7.5,0.0,0.5,0.0,0.0,0.3,8.3,,
2,2016-01-01 08:10:00,2016-01-01 08:15:19,1,0.79,-73.9622344970703,40.75740051269531,1,N,-73.95559692382812,40.76419448852539,2,5.5,0.0,0.5,0.0,0.0,0.3,6.3,,
2,2016-01-01 08:10:01,2016-01-01 08:16:13,5,2.34,-74.00877380371094,40.72639846801758,1,N,-73.98507690429686,40.74731063842773,2,8.5,0.0,0.5,0.0,0.0,0.3,9.3,,
1,2016-01-01 08:10:01,2016-01-01 08:15:36,1,1.2,-73.98537445068358,40.75091552734375,1,N,-73.99665832519531,40.74790573120117,2,6.0,0.0,0.5,0.0,0.0,0.3,6.8,,
2,2016-01-01 08:10:02,2016-01-01 08:16:46,1,2.21,-73.98042297363281,40.7551383972168,1,N,-73.95773315429686,40.77705383300781,2,8.5,0.0,0.5,0.0,0.0,0.3,9.3,,
1,2016-01-01 08:10:05,2016-01-01 08:19:40,1,2.4,-73.99826049804686,40.75080871582031,1,N,-73.97814178466798,40.72961044311523,1,10.0,0.0,0.5,3.0,0.0,0.3,13.8,,
2,2016-01-01 08:10:06,2016-01-01 08:16:55,1,1.14,-74.00048065185547,40.72872161865234,1,N,-73.98365020751955,40.725852966308594,2,7.0,0.0,0.5,0.0,0.0,0.3,7.8,,
1,2016-01-01 08:10:11,2016-01-01 08:19:07,1,1.8,-73.98377990722656,40.73789596557617,1,N,-73.99691009521484,40.71481704711913,1,9.0,0.0,0.5,1.5,0.0,0.3,11.3,,
2,2016-01-01 08:10:11,2016-01-01 08:18:10,1,2.21,-74.00161743164062,40.74094772338867,1,N,-73.99805450439453,40.764015197753906,1,9.0,0.0,0.5,1.47,0.0,0.3,11.27,,
2,2016-01-01 08:10:12,2016-01-01 08:16:06,1,1.28,-73.98223114013672,40.77691268920898,1,N,-73.97166442871094,40.766075134277344,1,7.0,0.0,0.5,0.0,0.0,0.3,7.8,,
2,2016-01-01 08:10:20,2016-01-01 08:16:19,1,2.12,-73.9537582397461,40.782020568847656,1,N,-73.97380828857422,40.75624084472656,1,8.5,0.0,0.5,1.0,0.0,0.3,10.3,,
2,2016-01-01 08:10:25,2016-01-01 08:18:39,1,2.82,-73.94329833984375,40.708152770996094,1,N,-73.98812103271484,40.72005462646485,2,10.0,0.0,0.5,0.0,0.0,0.3,10.8,,
2,2016-01-01 08:10:27,2016-01-01 08:15:17,2,1.43,-74.00657653808594,40.73204803466797,1,N,-73.99491882324219,40.75004577636719,1,6.5,0.0,0.5,1.46,0.0,0.3,8.76,,
1,2016-01-01 08:10:27,2016-01-01 08:17:40,2,2.1,-73.99748992919923,40.7369384765625,1,N,-73.97842407226562,40.75250625610352,2,8.5,0.0,0.5,0.0,0.0,0.3,9.3,,
1,2016-01-01 08:10:29,2016-01-01 08:16:54,2,1.6,-73.98748779296875,40.71980285644531,1,N,-73.98108673095702,40.73786544799805,1,7.5,0.0,0.5,5.0,0.0,0.3,13.3,,
2,2016-01-01 08:10:31,2016-01-01 08:15:08,1,0.76,-73.97859191894531,40.747989654541016,1,N,-73.9892578125,40.747840881347656,2,5.5,0.0,0.5,0.0,0.0,0.3,6.3,,
2,2016-01-01 08:10:33,2016-01-01 08:17:36,3,1.47,-74.0012435913086,40.731311798095696,1,N,-73.97830200195312,40.72082138061523,1,7.5,0.0,0.5,2.49,0.0,0.3,10.79,,
1,2016-01-01 08:10:35,2016-01-01 08:16:23,1,2.0,-73.97284698486328,40.757225036621094,1,N,-73.9958724975586,40.74345779418945,1,7.5,0.0,0.5,2.45,0.0,0.3,10.75,,
2,2016-01-01 08:10:37,2016-01-01 08:17:21,2,1.6,-73.95165252685547,40.76987838745117,1,N,-73.96968078613281,40.75773239135742,2,7.5,0.0,0.5,0.0,0.0,0.3,8.3,,
2,2016-01-01 08:10:39,2016-01-01 08:16:14,5,0.95,-73.9848403930664,40.763671875,1,N,-73.97199249267578,40.75674819946289,1,6.0,0.0,0.5,1.0,0.0,0.3,7.8,,
1,2016-01-01 08:10:40,2016-01-01 08:16:15,1,1.7,-73.98077392578125,40.77887725830078,1,N,-73.9931640625,40.75727844238281,1,7.5,0.0,0.5,1.65,0.0,0.3,9.95,,
2,2016-01-01 08:10:41,2016-01-01 08:18:03,1,2.65,-73.97647857666014,40.748062133789055,1,N,-73.98192596435547,40.7740478515625,1,9.5,0.0,0.5,1.0,0.0,0.3,11.3,,
2,2016-01-01 08:10:41,2016-01-01 08:18:50,1,1.9,-73.98800659179686,40.718650817871094,1,N,-73.97559356689453,40.74072265625,1,8.5,0.0,0.5,0.0,0.0,0.3,9.3,,
2,2016-01-01 08:10:41,2016-01-01 08:19:52,2,3.18,-73.99449920654298,40.74443054199219,1,N,-73.98432159423827,40.78007125854492,1,11.0,0.0,0.5,2.36,0.0,0.3,14.16,,
1,2016-01-01 08:10:46,2016-01-01 08:17:36,1,1.7,-73.9930191040039,40.74795913696289,1,N,-73.9821014404297,40.768985748291016,2,7.5,0.0,0.5,0.0,0.0,0.3,8.3,,
2,2016-01-01 08:10:49,2016-01-01 08:15:22,5,1.03,-73.96343231201173,40.76760482788085,1,N,-73.97941589355469,40.77259826660156,1,6.0,0.0,0.5,1.36,0.0,0.3,8.16,,
1,2016-01-01 08:10:50,2016-01-01 08:15:14,1,0.5,-73.92230224609375,40.74380111694336,1,N,-73.92827606201173,40.73816680908203,2,5.0,0.0,0.5,0.0,0.0,0.3,5.8,,
1,2016-01-01 08:10:50,2016-01-01 08:15:08,1,0.9,-73.99747467041014,40.74514389038085,1,N,-73.98979187011719,40.756248474121094,2,5.5,0.0,0.5,0.0,0.0,0.3,6.3,,
1,2016-01-01 08:10:53,2016-01-01 08:16:07,1,0.5,-73.95925903320312,40.70903396606445,1,N,-73.9659652709961,40.707313537597656,2,5.0,0.0,0.5,0.0,0.0,0.3,5.8,,
2,2016-01-01 08:10:55,2016-01-01 08:15:37,1,0.77,-73.97398376464845,40.73133087158203,1,N,-73.98255920410156,40.738670349121094,1,5.5,0.0,0.5,1.26,0.0,0.3,7.56,,
1,2016-01-01 08:10:55,2016-01-01 08:17:26,2,1.8,-73.98831176757811,40.72806930541992,1,N,-73.99917602539062,40.74434661865234,1,8.0,0.0,0.5,1.0,0.0,0.3,9.8,,
2,2016-01-01 08:10:56,2016-01-01 08:15:41,5,1.75,-73.98741149902342,40.76647186279297,1,N,-73.97985076904298,40.7815818786621,1,7.0,0.0,0.5,2.34,0.0,0.3,10.14,,
2,2016-01-01 08:10:59,2016-01-01 08:16:24,2,1.36,-73.98236846923827,40.773841857910156,1,N,-73.96884155273438,40.76110458374024,1,6.5,0.0,0.5,1.0,0.0,0.3,8.3,,
2,2016-01-01 08:11:02,2016-01-01 08:15:27,1,1.67,-73.97628021240234,40.74840927124024,1,N,-73.96067047119139,40.769718170166016,1,7.0,0.0,0.5,1.0,0.0,0.3,8.8,,
1,2016-01-01 08:11:02,2016-01-01 08:17:50,1,1.4,-73.99181365966798,40.726322174072266,1,N,-73.99849700927734,40.70881652832031,2,7.0,0.0,0.5,0.0,0.0,0.3,7.8,,
2,2016-01-01 08:11:03,2016-01-01 08:19:50,1,1.79,-73.98358154296875,40.73831558227539,1,N,-73.99105834960938,40.75556564331055,1,8.5,0.0,0.5,1.86,0.0,0.3,11.16,,
2,2016-01-01 08:11:07,2016-01-01 08:15:20,6,1.06,-73.95386505126955,40.806434631347656,1,N,-73.94322967529298,40.81580352783203,1,5.5,0.0,0.5,1.26,0.0,0.3,7.56,,
1,2016-01-01 08:11:07,2016-01-01 08:18:51,1,1.8,-73.98130798339844,40.73713302612305,1,N,-73.97470092773438,40.75639724731445,1,8.5,0.0,0.5,2.3,0.0,0.3,11.6,,
2,2016-01-01 08:11:07,2016-01-01 08:19:04,1,1.38,-73.99681854248048,40.76320266723633,1,N,-73.97850799560547,40.752288818359375,2,7.5,0.0,0.5,0.0,0.0,0.3,8.3,,
1,2016-01-01 08:11:13,2016-01-01 08:15:56,1,1.7,-73.95642852783203,40.7716178894043,1,N,-73.97229766845702,40.74966049194336,1,7.0,0.0,0.5,2.0,0.0,0.3,9.8,,
2,2016-01-01 08:11:15,2016-01-01 08:16:31,5,1.57,-73.95564270019531,40.779579162597656,1,N,-73.98004150390625,40.79040145874024,1,7.0,0.0,0.5,1.56,0.0,0.3,9.36,,
2,2016-01-01 08:11:17,2016-01-01 08:19:34,1,1.52,-73.97935485839844,40.74639129638672,1,N,-73.98827362060547,40.760009765625,2,8.0,0.0,0.5,0.0,0.0,0.3,8.8,,
2,2016-01-01 08:11:23,2016-01-01 08:16:11,2,1.33,-73.94947052001955,40.67837524414063,1,N,-73.93597412109375,40.68564224243164,2,6.5,0.0,0.5,0.0,0.0,0.3,7.3,,
1,2016-01-01 08:11:23,2016-01-01 08:16:04,1,0.7,-73.98411560058595,40.74358749389648,1,N,-73.97609710693358,40.74020385742188,2,5.0,0.0,0.5,0.0,0.0,0.3,5.8,,
2,2016-01-01 08:11:24,2016-01-01 08:16:27,1,1.71,-73.99077606201173,40.756702423095696,1,N,-73.96917724609375,40.76137161254883,1,7.0,0.0,0.5,1.95,0.0,0.3,9.75,,
2,2016-01-01 08:11:26,2016-01-01 08:16:05,6,1.33,-73.98170471191406,40.75581359863281,1,N,-73.99434661865234,40.75094604492188,1,6.0,0.0,0.5,0.0,0.0,0.3,6.8,,
2,2016-01-01 08:11:27,2016-01-01 08:17:05,1,1.73,-73.98029327392578,40.7386589050293,1,N,-73.96443939208984,40.756309509277344,1,7.0,0.0,0.5,1.0,0.0,0.3,8.8,,
2,2016-01-01 08:11:28,2016-01-01 08:15:09,1,1.13,-73.97569274902342,40.740970611572266,1,N,-73.97539520263672,40.75163269042969,1,5.5,0.0,0.5,1.26,0.0,0.3,7.56,,
2,2016-01-01 08:11:30,2016-01-01 08:15:21,1,1.09,-73.96965026855469,40.785171508789055,1,N,-73.9811019897461,40.774681091308594,1,5.5,0.0,0.5,1.58,0.0,0.3,7.88,,
2,2016-01-01 08:11:30,2016-01-01 08:16:54,1,1.05,-73.9910430908203,40.71747970581055,1,N,-73.98200988769531,40.722469329833984,2,6.0,0.0,0.5,0.0,0.0,0.3,6.8,,
2,2016-01-01 08:11:32,2016-01-01 08:16:44,6,1.07,-73.99996948242188,40.73799133300781,1,N,-73.99469757080078,40.75048065185547,1,6.0,0.0,0.5,1.7,0.0,0.3,8.5,,
1,2016-01-01 08:11:33,2016-01-01 08:19:13,1,2.0,-73.98635864257811,40.76110458374024,1,N,-73.9678955078125,40.787208557128906,1,9.0,0.0,0.5,2.9,0.0,0.3,12.7,,
2,2016-01-01 08:11:34,2016-01-01 08:16:42,3,1.47,-74.0078125,40.732643127441406,1,N,-73.99506378173827,40.75015640258789,1,6.5,0.0,0.5,0.0,0.0,0.3,7.3,,
2,2016-01-01 08:11:34,2016-01-01 08:15:46,1,1.11,-73.97195434570312,40.76557540893555,1,N,-73.98223114013672,40.774662017822266,2,5.5,0.0,0.5,0.0,0.0,0.3,6.3,,
1,2016-01-01 08:11:49,2016-01-01 08:15:47,1,1.2,-73.96170043945312,40.81157684326172,1,N,-73.97111511230467,40.79545593261719,2,6.0,0.0,0.5,0.0,0.0,0.3,6.8,,
1,2016-01-01 08:11:49,2016-01-01 08:16:55,1,1.9,-73.98681640625,40.70153045654297,1,N,-74.01165008544923,40.713340759277344,1,7.5,0.0,0.5,1.0,0.0,0.3,9.3,,
2,2016-01-01 08:11:51,2016-01-01 08:17:43,2,1.68,-73.97740936279298,40.75236892700195,1,N,-74.00524139404298,40.75634002685547,2,7.5,0.0,0.5,0.0,0.0,0.3,8.3,,
2,2016-01-01 08:11:52,2016-01-01 08:19:44,3,1.75,-73.95731353759766,40.77001953125,1,N,-73.98200225830078,40.77532958984375,2,8.5,0.0,0.5,0.0,0.0,0.3,9.3,,
1,2016-01-01 08:11:53,2016-01-01 08:16:57,1,1.7,0.0,0.0,1,N,0.0,0.0,2,7.0,0.0,0.5,0.0,0.0,0.3,7.8,,
2,2016-01-01 08:11:54,2016-01-01 08:16:15,2,0.94,-73.94976806640625,40.68054962158203,1,N,-73.9593276977539,40.67715835571289,1,5.5,0.0,0.5,1.26,0.0,0.3,7.56,,
2,2016-01-01 08:11:57,2016-01-01 08:17:10,1,1.45,-73.99758911132812,40.746768951416016,1,N,-73.98165130615234,40.75954055786133,2,6.5,0.0,0.5,0.0,0.0,0.3,7.3,,
1,2016-01-01 08:11:57,2016-01-01 08:15:46,1,1.4,-74.0040054321289,40.74801254272461,1,N,-73.98872375488281,40.75928115844727,1,6.0,0.0,0.5,1.35,0.0,0.3,8.15,,
2,2016-01-01 08:12:00,2016-01-01 08:18:56,1,1.39,-73.97998046875,40.734962463378906,1,N,-73.99797821044923,40.73796844482422,1,7.5,0.0,0.5,1.66,0.0,0.3,9.96,,
2,2016-01-01 08:12:02,2016-01-01 08:18:44,1,1.86,-73.98108673095702,40.73083114624024,1,N,-73.97408294677734,40.75267028808594,2,8.0,0.0,0.5,0.0,0.0,0.3,8.8,,
2,2016-01-01 08:12:04,2016-01-01 08:17:08,2,0.8,-73.99050903320312,40.748931884765625,1,N,-73.99800872802734,40.75590896606445,2,5.5,0.0,0.5,0.0,0.0,0.3,6.3,,
1,2016-01-01 08:12:05,2016-01-01 08:15:51,1,0.6,-73.9929428100586,40.74278259277344,1,N,-73.99068450927734,40.75007247924805,1,5.0,0.0,0.5,3.0,0.0,0.3,8.8,,
1,2016-01-01 08:12:06,2016-01-01 08:17:49,1,1.2,-73.9966812133789,40.7630271911621,1,N,-73.99089813232422,40.75232315063477,2,6.5,0.0,0.5,0.0,0.0,0.3,7.3,,
2,2016-01-01 08:12:07,2016-01-01 08:17:59,5,1.27,-73.9890899658203,40.757339477539055,1,N,-73.97036743164062,40.75627136230469,1,6.5,0.0,0.5,1.82,0.0,0.3,9.12,,
1,2016-01-01 08:12:07,2016-01-01 08:15:02,1,0.9,-73.97920227050781,40.763328552246094,1,N,-73.98915100097656,40.75788116455078,2,5.0,0.0,0.5,0.0,0.0,0.3,5.8,,
1,2016-01-01 08:12:08,2016-01-01 08:19:29,1,2.7,-73.98099517822266,40.74172592163085,1,N,-73.95237731933594,40.76865005493164,1,10.0,0.0,0.5,2.7,0.0,0.3,13.5,,
1,2016-01-01 08:12:11,2016-01-01 08:16:11,1,1.2,-73.95285034179686,40.77642059326172,1,N,-73.96451568603516,40.76032257080078,1,6.0,0.0,0.5,1.5,0.0,0.3,8.3,,
2,2016-01-01 08:12:16,2016-01-01 08:15:09,1,0.86,-73.95592498779298,40.779800415039055,1,N,-73.9525146484375,40.78961181640625,2,4.5,0.0,0.5,0.0,0.0,0.3,5.3,,
1,2016-01-01 08:12:16,2016-01-01 08:19:52,1,3.0,-73.98586273193358,40.757568359375,1,N,-73.98721313476562,40.72525405883789,1,10.5,0.0,0.5,2.25,0.0,0.3,13.55,,
2,2016-01-01 08:12:17,2016-01-01 08:17:15,5,1.22,-73.99053955078125,40.73482131958008,1,N,-74.00682830810547,40.74402236938477,1,6.0,0.0,0.5,1.36,0.0,0.3,8.16,,
1,2016-01-01 08:12:19,2016-01-01 08:15:02,2,0.9,-73.97623443603516,40.7514762878418,1,N,-73.97562408447266,40.74142837524415,1,5.0,0.0,0.5,1.0,0.0,0.3,6.8,,
2,2016-01-01 08:12:20,2016-01-01 08:16:13,1,0.81,-73.9850082397461,40.767826080322266,1,N,-73.97563934326173,40.76565170288085,2,5.0,0.0,0.5,0.0,0.0,0.3,5.8,,
2,2016-01-01 08:12:22,2016-01-01 08:18:32,4,1.03,-73.9798812866211,40.743499755859375,1,N,-73.99394226074219,40.74586868286133,1,6.5,0.0,0.5,0.7,0.0,0.3,8.0,,
2,2016-01-01 08:12:23,2016-01-01 08:19:45,1,1.35,-73.98247528076173,40.73131942749024,1,N,-73.97572326660156,40.71849822998047,2,7.0,0.0,0.5,0.0,0.0,0.3,7.8,,
1,2016-01-01 08:12:24,2016-01-01 08:16:26,1,0.8,-73.97418212890625,40.75671768188477,1,N,-73.9700927734375,40.7664451599121,2,5.0,0.0,0.5,0.0,0.0,0.3,5.8,,
2,2016-01-01 08:12:26,2016-01-01 08:18:38,1,1.79,-74.00534057617188,40.73704528808594,1,N,-74.00330352783203,40.75543212890625,1,7.5,0.0,0.5,2.08,0.0,0.3,10.38,,
1,2016-01-01 08:12:26,2016-01-01 08:19:51,1,1.7,-73.96087646484375,40.8039436340332,1,N,-73.95120239257811,40.820404052734375,2,8.0,0.0,0.5,0.0,0.0,0.3,8.8,,
2,2016-01-01 08:12:26,2016-01-01 08:19:11,2,1.88,-73.96125030517578,40.77004623413085,1,N,-73.97898864746094,40.78174209594727,1,8.0,0.0,0.5,1.76,0.0,0.3,10.56,,
1,2016-01-01 08:12:32,2016-01-01 08:17:59,3,0.7,-73.97651672363281,40.78057861328125,1,N,-73.98342132568358,40.77562713623047,1,5.5,0.0,0.5,1.25,0.0,0.3,7.55,,
2,2016-01-01 08:12:34,2016-01-01 08:18:51,1,1.24,-73.97651672363281,40.7476692199707,1,N,-73.9797134399414,40.73577880859375,2,7.0,0.0,0.5,0.0,0.0,0.3,7.8,,
2,2016-01-01 08:12:37,2016-01-01 08:18:44,1,1.24,-73.99211120605469,40.71498107910156,1,N,-74.00885772705078,40.71414184570313,1,6.5,0.0,0.5,1.46,0.0,0.3,8.76,,
2,2016-01-01 08:12:40,2016-01-01 08:19:10,2,1.34,-73.97805023193358,40.78895568847656,1,N,-73.98429870605469,40.77539825439453,1,7.0,0.0,0.5,1.56,0.0,0.3,9.36,,
1,2016-01-01 08:12:44,2016-01-01 08:15:27,1,1.3,-73.96803283691406,40.74869155883789,1,N,-73.95674133300781,40.7659568786621,1,5.5,0.0,0.5,1.25,0.0,0.3,7.55,,
1,2016-01-01 08:12:45,2016-01-01 08:18:46,3,1.3,-73.96495056152342,40.75484848022461,1,N,-73.98152923583984,40.76591110229492,1,7.0,0.0,0.5,1.55,0.0,0.3,9.35,,
1,2016-01-01 08:12:50,2016-01-01 08:19:36,1,1.8,-73.96578216552734,40.758636474609375,1,N,-73.99060821533203,40.756160736083984,1,8.0,0.0,0.5,1.75,0.0,0.3,10.55,,
1,2016-01-01 08:12:51,2016-01-01 08:18:37,1,1.6,-73.98702239990234,40.7397575378418,1,N,-74.00306701660156,40.731441497802734,1,7.0,0.0,0.5,1.55,0.0,0.3,9.35,,
1,2016-01-01 08:12:52,2016-01-01 08:16:32,1,0.5,-73.98749542236328,40.77576065063477,1,N,-73.98107147216798,40.77465057373047,1,4.5,0.0,0.5,1.05,0.0,0.3,6.35,,
2,2016-01-01 08:12:56,2016-01-01 08:15:48,2,0.75,-73.97167205810547,40.794620513916016,1,N,-73.9638671875,40.79988098144531,2,4.5,0.0,0.5,0.0,0.0,0.3,5.3,,
2,2016-01-01 08:12:58,2016-01-01 08:19:28,1,1.91,-73.95616912841797,40.77180099487305,1,N,-73.97442626953125,40.750755310058594,2,8.0,0.0,0.5,0.0,0.0,0.3,8.8,,
2,2016-01-01 08:13:02,2016-01-01 08:18:38,1,1.45,-73.98591613769531,40.74645233154297,1,N,-73.98195648193358,40.76247787475585,1,7.0,0.0,0.5,1.56,0.0,0.3,9.36,,
1,2016-01-01 08:13:04,2016-01-01 08:18:45,1,1.7,-73.98798370361328,40.76987075805664,1,N,-73.9788818359375,40.79021072387695,1,7.0,0.0,0.5,1.0,0.0,0.3,8.8,,
1,2016-01-01 08:13:07,2016-01-01 08:17:37,1,1.1,-73.97623443603516,40.73980712890625,1,N,-73.9895782470703,40.73446273803711,1,5.5,0.0,0.5,0.0,0.0,0.3,6.3,,
2,2016-01-01 08:13:08,2016-01-01 08:19:51,1,1.88,-74.0066909790039,40.7039794921875,1,N,-73.99736785888672,40.723140716552734,2,8.0,0.0,0.5,0.0,0.0,0.3,8.8,,
1,2016-01-01 08:13:08,2016-01-01 08:15:22,1,0.6,-73.97276306152342,40.76448822021485,1,N,-73.97822570800781,40.75740051269531,2,4.0,0.0,0.5,0.0,0.0,0.3,4.8,,
1,2016-01-01 08:13:12,2016-01-01 08:18:56,1,1.0,-73.99030303955078,40.7571678161621,1,N,-73.98924255371094,40.74876403808594,1,6.0,0.0,0.5,1.35,0.0,0.3,8.15,,
2,2016-01-01 08:13:21,2016-01-01 08:16:30,1,0.93,-73.97174835205078,40.76248168945313,1,N,-73.97786712646483,40.754310607910156,1,5.0,0.0,0.5,1.74,0.0,0.3,7.54,,
1,2016-01-01 08:13:23,2016-01-01 08:19:54,1,1.8,-73.95600891113281,40.80316162109375,1,N,-73.95590209960938,40.78486633300781,1,8.0,0.0,0.5,1.75,0.0,0.3,10.55,,
2,2016-01-01 08:13:25,2016-01-01 08:17:52,2,0.73,-73.94400787353516,40.7758903503418,1,N,-73.954833984375,40.779380798339844,2,5.0,0.0,0.5,0.0,0.0,0.3,5.8,,
1,2016-01-01 08:13:31,2016-01-01 08:16:14,1,0.5,-73.95582580566406,40.77973937988281,1,N,-73.95509338378906,40.78525924682617,2,4.0,0.0,0.5,0.0,0.0,0.3,4.8,,
1,2016-01-01 08:13:31,2016-01-01 08:19:06,1,1.3,-73.97563934326173,40.787952423095696,1,N,-73.96328735351562,40.77587127685547,1,7.0,0.0,0.5,1.17,0.0,0.3,8.97,,
1,2016-01-01 08:13:31,2016-01-01 08:16:01,1,0.6,-73.91203308105469,40.76755142211913,1,N,-73.9189910888672,40.75904846191406,2,4.5,0.0,0.5,0.0,0.0,0.3,5.3,,
2,2016-01-01 08:13:35,2016-01-01 08:17:50,1,1.27,-73.97121429443358,40.753868103027344,1,N,-73.9865951538086,40.75628662109375,1,6.0,0.0,0.5,1.36,0.0,0.3,8.16,,
2,2016-01-01 08:13:35,2016-01-01 08:15:29,1,0.64,-73.99613189697266,40.74842834472656,1,N,-73.98558807373048,40.74401092529297,2,4.0,0.0,0.5,0.0,0.0,0.3,4.8,,
1,2016-01-01 08:13:37,2016-01-01 08:19:05,1,1.7,-73.99282836914062,40.75560760498047,1,N,-73.98441314697266,40.775299072265625,2,7.0,0.0,0.5,0.0,0.0,0.3,7.8,,
1,2016-01-01 08:13:38,2016-01-01 08:17:45,1,1.1,-73.9654312133789,40.790828704833984,1,N,-73.97909545898438,40.78175735473633,1,6.0,0.0,0.5,1.7,0.0,0.3,8.5,,
2,2016-01-01 08:13:54,2016-01-01 08:15:48,2,0.48,-73.98909759521484,40.76308059692383,1,N,-73.99302673339844,40.75727081298828,1,4.0,0.0,0.5,0.96,0.0,0.3,5.76,,
1,2016-01-01 08:13:56,2016-01-01 08:15:53,1,0.9,-73.99589538574219,40.73834609985352,1,N,-73.99176025390625,40.74949645996094,1,4.5,0.0,0.5,1.3,0.0,0.3,6.6,,
2,2016-01-01 08:13:58,2016-01-01 08:17:43,1,0.66,-73.98121643066406,40.75955200195313,1,N,-73.99200439453125,40.76441192626953,2,5.0,0.0,0.5,0.0,0.0,0.3,5.8,,
2,2016-01-01 08:14:00,2016-01-01 08:18:25,1,1.48,-73.9561004638672,40.7634391784668,1,N,-73.97154998779298,40.75159072875977,2,6.5,0.0,0.5,0.0,0.0,0.3,7.3,,
2,2016-01-01 08:14:03,2016-01-01 08:16:21,1,0.69,-73.99237060546875,40.75653076171875,1,N,-73.9935531616211,40.74721145629883,2,4.0,0.0,0.5,0.0,0.0,0.3,4.8,,
1,2016-01-01 08:14:06,2016-01-01 08:15:54,1,0.4,-73.95773315429686,40.769378662109375,1,N,-73.96260070800781,40.7664794921875,1,3.5,0.0,0.5,1.25,0.0,0.3,5.55,,
1,2016-01-01 08:14:07,2016-01-01 08:15:57,1,0.5,-73.99562835693358,40.749107360839844,1,N,-73.99052429199219,40.755760192871094,1,4.0,0.0,0.5,0.95,0.0,0.3,5.75,,
2,2016-01-01 08:14:10,2016-01-01 08:17:04,1,0.68,-73.9826889038086,40.76430130004883,1,N,-73.99094390869139,40.76057052612305,1,4.5,0.0,0.5,1.0,0.0,0.3,6.3,,
1,2016-01-01 08:14:10,2016-01-01 08:19:27,1,0.8,-73.98619842529298,40.759864807128906,1,N,-73.97850036621094,40.755950927734375,2,5.5,0.0,0.5,0.0,0.0,0.3,6.3,,
1,2016-01-01 08:14:14,2016-01-01 08:19:13,1,1.6,-73.99765014648438,40.7411994934082,1,N,-73.97850036621094,40.75250625610352,1,7.0,0.0,0.5,1.55,0.0,0.3,9.35,,
2,2016-01-01 08:14:16,2016-01-01 08:17:07,1,0.5,-73.98316192626955,40.76448822021485,1,N,-73.98458862304686,40.7674217224121,2,4.0,0.0,0.5,0.0,0.0,0.3,4.8,,
1,2016-01-01 08:14:18,2016-01-01 08:18:12,1,1.4,-73.95787811279298,40.78215026855469,1,N,-73.96813201904298,40.7921142578125,1,6.5,0.0,0.5,1.45,0.0,0.3,8.75,,
2,2016-01-01 08:14:30,2016-01-01 08:15:30,3,0.27,-74.00487518310547,40.72285461425781,1,N,-74.00346374511719,40.72651290893555,2,3.0,0.0,0.5,0.0,0.0,0.3,3.8,,
1,2016-01-01 08:14:32,2016-01-01 08:18:18,1,1.2,-74.00105285644531,40.736488342285156,1,N,-73.98918151855469,40.74767684936523,1,5.5,0.0,0.5,1.0,0.0,0.3,7.3,,
1,2016-01-01 08:14:33,2016-01-01 08:19:06,1,1.3,-73.9909896850586,40.75708770751953,1,N,-73.9925079345703,40.769264221191406,1,6.0,0.0,0.5,2.0,0.0,0.3,8.8,,
1,2016-01-01 08:14:34,2016-01-01 08:16:37,1,0.6,-73.97643280029298,40.75240707397461,1,N,-73.9826889038086,40.75723648071289,1,4.0,0.0,0.5,0.99,0.0,0.3,5.79,,
2,2016-01-01 08:14:35,2016-01-01 08:19:43,6,0.85,-73.98202514648438,40.74029541015625,1,N,-73.98898315429686,40.74774169921875,1,5.5,0.0,0.5,1.26,0.0,0.3,7.56,,
2,2016-01-01 08:14:35,2016-01-01 08:16:08,3,0.45,-73.97777557373048,40.74239349365234,1,N,-73.98159790039062,40.73687744140625,1,3.5,0.0,0.5,1.29,0.0,0.3,5.59,,
1,2016-01-01 08:14:39,2016-01-01 08:16:56,1,0.4,0.0,0.0,1,N,0.0,0.0,2,3.5,0.0,0.5,0.0,0.0,0.3,4.3,,
2,2016-01-01 08:14:40,2016-01-01 08:18:57,1,1.22,-73.98069763183594,40.737659454345696,1,N,-73.9764175415039,40.75040054321289,2,6.0,0.0,0.5,0.0,0.0,0.3,6.8,,
2,2016-01-01 08:14:41,2016-01-01 08:16:07,1,0.68,-73.95716094970702,40.77452850341797,1,N,-73.95369720458984,40.782581329345696,2,4.0,0.0,0.5,0.0,0.0,0.3,4.8,,
1,2016-01-01 08:14:42,2016-01-01 08:18:50,1,0.9,-73.94493865966798,40.834232330322266,1,N,-73.94495391845702,40.82422637939453,1,5.5,0.0,0.5,1.0,0.0,0.3,7.3,,
2,2016-01-01 08:14:43,2016-01-01 08:18:18,1,0.97,-73.97361755371094,40.75138854980469,1,N,-73.99092864990234,40.75825119018555,2,5.0,0.0,0.5,0.0,0.0,0.3,5.8,,
2,2016-01-01 08:14:43,2016-01-01 08:19:30,1,1.54,-73.9909896850586,40.734130859375,1,N,-73.99411010742188,40.7517204284668,2,6.5,0.0,0.5,0.0,0.0,0.3,7.3,,
2,2016-01-01 08:14:44,2016-01-01 08:17:13,6,0.55,-73.9453125,40.790863037109375,1,N,-73.9507827758789,40.78668212890625,2,4.0,0.0,0.5,0.0,0.0,0.3,4.8,,
1,2016-01-01 08:14:44,2016-01-01 08:16:23,1,0.8,-73.93983459472656,40.79420471191406,1,N,-73.94654846191406,40.784751892089844,1,4.0,0.0,0.5,2.0,0.0,0.3,6.8,,
2,2016-01-01 08:14:51,2016-01-01 08:18:02,1,1.03,-74.00454711914062,40.74087524414063,1,N,-73.99468231201173,40.75056457519531,1,5.5,0.0,0.5,1.58,0.0,0.3,7.88,,
1,2016-01-01 08:14:54,2016-01-01 08:15:31,1,0.0,-73.82596588134766,40.874473571777344,5,N,-73.82596588134766,40.874473571777344,1,30.0,0.0,0.0,0.0,0.0,0.3,30.3,,
2,2016-01-01 08:15:01,2016-01-01 08:18:22,5,0.68,-73.99932098388672,40.754150390625,1,N,-73.99031829833984,40.75667190551758,2,4.5,0.0,0.5,0.0,0.0,0.3,5.3,,
2,2016-01-01 08:15:05,2016-01-01 08:17:50,2,0.8,-73.99095916748048,40.75703811645508,1,N,-73.97940826416014,40.75738143920898,1,4.5,0.0,0.5,1.2,0.0,0.3,6.5,,
1,2016-01-01 08:15:08,2016-01-01 08:18:08,1,1.1,-74.00546264648438,40.72775268554688,1,N,-73.99676513671875,40.73741149902344,1,5.0,0.0,0.5,2.2,0.0,0.3,8.0,,
1,2016-01-01 08:15:10,2016-01-01 08:18:48,2,0.6,-73.99370574951173,40.7514762878418,1,N,-73.98841857910156,40.748756408691406,2,4.5,0.0,0.5,0.0,0.0,0.3,5.3,,
2,2016-01-01 08:15:10,2016-01-01 08:19:37,1,2.05,-74.00142669677734,40.751380920410156,1,N,-73.98280334472656,40.77588272094727,1,7.5,0.0,0.5,1.0,0.0,0.3,9.3,,
2,2016-01-01 08:15:12,2016-01-01 08:16:32,1,0.0,-73.97734832763672,40.7351188659668,2,N,-73.97734069824219,40.73514938354492,1,52.0,0.0,0.5,11.67,5.54,0.3,70.01,,
2,2016-01-01 08:15:13,2016-01-01 08:18:01,1,0.53,-73.9778823852539,40.753730773925774,1,N,-73.97412872314453,40.75883865356445,2,4.0,0.0,0.5,0.0,0.0,0.3,4.8,,
1,2016-01-01 08:15:16,2016-01-01 08:19:18,2,0.8,-73.98533630371094,40.727535247802734,1,N,-73.98851776123048,40.72147750854492,1,5.0,0.0,0.5,1.7,0.0,0.3,7.5,,
2,2016-01-01 08:15:16,2016-01-01 08:19:20,2,0.77,-73.98448944091797,40.719913482666016,1,N,-73.97722625732422,40.72617721557617,2,5.0,0.0,0.5,0.0,0.0,0.3,5.8,,
2,2016-01-01 08:15:18,2016-01-01 08:19:53,1,1.33,-73.99834442138672,40.74532318115234,1,N,-73.98746490478516,40.733562469482415,2,6.0,0.0,0.5,0.0,0.0,0.3,6.8,,
1,2016-01-01 08:15:18,2016-01-01 08:18:12,1,0.5,-73.98675537109375,40.75639724731445,1,N,-73.9823989868164,40.75659942626953,1,4.5,0.0,0.5,0.0,0.0,0.3,5.3,,
2,2016-01-01 08:15:19,2016-01-01 08:16:33,2,0.58,-73.99654388427734,40.73775863647461,1,N,-73.99501037597656,40.74403762817383,2,3.5,0.0,0.5,0.0,0.0,0.3,4.3,,
2,2016-01-01 08:15:21,2016-01-01 08:19:27,4,1.98,-73.97518157958984,40.75021362304688,1,N,-73.95578002929686,40.77299118041992,2,7.0,0.0,0.5,0.0,0.0,0.3,7.8,,
2,2016-01-01 08:15:21,2016-01-01 08:19:51,5,1.53,-73.97818756103516,40.76355361938477,1,N,-73.99187469482422,40.75170516967773,1,6.5,0.0,0.5,1.46,0.0,0.3,8.76,,
2,2016-01-01 08:15:24,2016-01-01 08:19:13,1,0.9,-73.94363403320312,40.8204460144043,1,N,-73.95214080810547,40.81066131591797,1,5.5,0.0,0.5,0.0,0.0,0.3,6.3,,
2,2016-01-01 08:15:27,2016-01-01 08:19:13,2,0.49,-73.98619079589844,40.7224235534668,1,N,-73.99429321289062,40.72484588623047,1,4.5,0.0,0.5,1.59,0.0,0.3,6.89,,
2,2016-01-01 08:15:28,2016-01-01 08:19:11,5,1.39,-73.94490051269531,40.78715133666992,1,N,-73.95439147949219,40.7705192565918,1,6.0,0.0,0.5,1.36,0.0,0.3,8.16,,
2,2016-01-01 08:15:42,2016-01-01 08:18:38,1,0.8,-74.0011215209961,40.75196075439453,1,N,-73.99693298339844,40.76134490966797,1,4.5,0.0,0.5,1.06,0.0,0.3,6.36,,
1,2016-01-01 08:15:43,2016-01-01 08:18:38,1,0.7,-73.97817993164062,40.752754211425774,1,N,-73.98567962646483,40.7488670349121,2,4.5,0.0,0.5,0.0,0.0,0.3,5.3,,
2,2016-01-01 08:15:50,2016-01-01 08:19:11,1,0.68,-73.95284271240234,40.7666015625,1,N,-73.96250915527342,40.76654052734375,1,4.5,0.0,0.5,1.06,0.0,0.3,6.36,,
2,2016-01-01 08:15:51,2016-01-01 08:18:52,1,0.59,-73.9561538696289,40.787513732910156,1,N,-73.94879150390625,40.783348083496094,2,4.5,0.0,0.5,0.0,0.0,0.3,5.3,,
2,2016-01-01 08:15:56,2016-01-01 08:18:45,6,1.16,-73.98043060302734,40.74285888671875,1,N,-73.97384643554686,40.75703048706055,2,5.5,0.0,0.5,0.0,0.0,0.3,6.3,,
2,2016-01-01 08:15:57,2016-01-01 08:17:12,2,0.36,-74.00019073486328,40.71135330200195,1,N,-73.99414825439453,40.710105895996094,2,3.0,0.0,0.5,0.0,0.0,0.3,3.8,,
2,2016-01-01 08:15:57,2016-01-01 08:17:37,6,0.57,-73.98185729980467,40.736682891845696,1,N,-73.9889144897461,40.736610412597656,2,3.5,0.0,0.5,0.0,0.0,0.3,4.3,,
2,2016-01-01 08:16:22,2016-01-01 08:19:05,1,0.81,-73.97463226318358,40.75161361694336,1,N,-73.9768829345703,40.74348068237305,2,4.5,0.0,0.5,0.0,0.0,0.3,5.3,,
2,2016-01-01 08:16:24,2016-01-01 08:19:53,1,0.78,-73.94992065429686,40.78048706054688,1,N,-73.953125,40.77173614501953,1,5.0,0.0,0.5,1.16,0.0,0.3,6.96,,
2,2016-01-01 08:16:24,2016-01-01 08:18:13,1,0.6,0.0,0.0,1,N,0.0,0.0,1,4.0,0.0,0.5,0.96,0.0,0.3,5.76,,
2,2016-01-01 08:16:26,2016-01-01 08:18:27,5,0.56,-73.9826431274414,40.739570617675774,1,N,-73.98159790039062,40.74684143066406,2,4.0,0.0,0.5,0.0,0.0,0.3,4.8,,
1,2016-01-01 08:16:28,2016-01-01 08:19:57,1,0.5,-73.99412536621094,40.75486755371094,1,N,-73.99075317382812,40.75012588500977,1,4.5,0.0,0.5,1.05,0.0,0.3,6.35,,
2,2016-01-01 08:16:32,2016-01-01 08:19:41,3,1.04,-73.96359252929686,40.76876831054688,1,N,-73.97109985351562,40.75566101074219,1,5.0,0.0,0.5,1.16,0.0,0.3,6.96,,
1,2016-01-01 08:16:47,2016-01-01 08:19:58,1,0.9,-73.98946380615234,40.72049331665039,1,N,-73.98523712158203,40.7325553894043,2,5.0,0.0,0.5,0.0,0.0,0.3,5.8,,
1,2016-01-01 08:16:47,2016-01-01 08:19:18,1,1.0,-73.98487854003906,40.75667190551758,1,N,-73.99528503417969,40.745079040527344,1,5.0,0.0,0.5,1.7,0.0,0.3,7.5,,
2,2016-01-01 08:16:54,2016-01-01 08:18:56,5,0.61,-73.98269653320312,40.76785278320313,1,N,-73.97293090820312,40.76419067382813,1,4.0,0.0,0.5,1.2,0.0,0.3,6.0,,
2,2016-01-01 08:16:59,2016-01-01 08:19:14,5,0.69,-73.97908782958984,40.74426651000977,1,N,-73.9805145263672,40.73673629760742,1,4.0,0.0,0.5,1.0,0.0,0.3,5.8,,
1,2016-01-01 08:17:05,2016-01-01 08:19:06,1,0.8,-73.97693634033203,40.75086975097656,1,N,-73.97795104980467,40.742374420166016,3,4.5,0.0,0.5,0.0,0.0,0.3,5.3,,
1,2016-01-01 08:17:07,2016-01-01 08:19:22,1,0.4,-73.98508453369139,40.77806854248047,1,N,-73.9799270629883,40.78162384033203,1,4.0,0.0,0.5,0.95,0.0,0.3,5.75,,
1,2016-01-01 08:17:19,2016-01-01 08:17:42,1,0.1,-73.78968048095702,40.64384460449219,2,N,-73.7891082763672,40.6431770324707,3,52.0,0.0,0.5,0.0,0.0,0.3,52.8,,
2,2016-01-01 08:17:38,2016-01-01 08:18:18,1,0.06,-73.78942108154298,40.64725112915039,2,N,-73.78942108154298,40.64725112915039,2,52.0,0.0,0.5,0.0,0.0,0.3,52.8,,
2,2016-01-01 08:17:41,2016-01-01 08:19:35,1,0.86,-73.95996856689453,40.762550354003906,1,N,-73.95633697509766,40.771671295166016,1,4.5,0.0,0.5,1.06,0.0,0.3,6.36,,
1,2016-01-01 08:18:35,2016-01-01 08:19:11,1,0.0,-73.7896957397461,41.13980484008789,5,N,-73.78968811035155,41.13979721069336,1,70.0,0.0,0.0,0.0,0.0,0.3,70.3,,
2,2016-01-01 08:18:56,2016-01-01 08:19:12,1,0.0,-73.9809036254883,40.77668380737305,2,N,-73.98089599609375,40.77668380737305,1,52.0,0.0,0.5,10.0,5.54,0.3,68.34,,
1,2016-01-01 08:18:59,2016-01-01 08:19:04,1,0.0,-73.92313385009766,40.74391555786133,1,N,-73.92313385009766,40.74391555786133,4,2.5,0.0,0.5,0.0,0.0,0.3,3.3,,
1,2016-01-01 08:19:19,2016-01-01 08:19:53,2,0.1,-73.78742218017578,40.64756774902344,5,Y,-73.7896499633789,40.64702987670898,1,60.0,0.0,0.0,12.05,0.0,0.3,72.35,,
1,2016-01-01 08:19:19,2016-01-01 08:19:28,1,0.0,-74.03823852539062,40.748401641845696,1,N,-74.03823852539062,40.748401641845696,1,2.5,0.0,0.5,45.6,0.0,0.3,48.9,,
2,2016-01-01 08:19:46,2016-01-01 08:19:48,1,0.0,0.0,0.0,5,N,0.0,0.0,1,40.0,0.0,0.0,10.08,0.0,0.3,50.38,,
